{"action": "HOLD", "volume": 0.0, "stop_loss": null, "take_profit": null, "timestamp": "2025-08-27T08:06:17.617424+00:00", "leverage": 0.0, "var": 0.0001525014942979075, "indicators": {"atr": 2977.070000000007, "twap": 111008.77747, "exchange_flow": 0.0, "cumulative_delta": 0.0, "sma_20": 110742.477, "tenkan": 110882.465, "kijun": 110882.465, "psar": 109393.93, "kelt_upper": 116695.25210567914, "kelt_lower": 104786.97210567912, "cci": -85.46765619228044, "fib_618": 111233.75925999999, "microprice": 110702.17772259454, "iceberg_detected": false, "toxicity": 4.336000000000058, "entropy_regime": "chaotic"}, "dashboard_metrics": {"current_time": "2025-08-27T08:06:17.617440+00:00", "active_strategies": 4, "total_strategies": 13, "risk_score": 0.0001525014942979075, "market_regime": "chaotic", "signal_strength": 0.7, "macro_sentiment": 1.3115102494738262, "macro_multiplier": 1.5, "macro_signals": {"macro_sentiment": 1.3115102494738262, "risk_on": true, "risk_off": false, "dollar_strength": false, "rate_pressure": true, "fear_spike": false, "crypto_dominance_rising": true, "market_cap_growing": true, "position_multiplier": 1.5, "recommendation": "STRONG_BUY", "confidence": 0.85}, "combined_sentiment": 0.7869061496842957, "last_signal_time": "2025-08-27T08:06:17.617449+00:00", "bot_active": true}}